pdk,cohort,method,subset,runs,successful_runs,gap_le_0p02_rate,exact_95ci_lower,exact_95ci_upper,median_stop_budget,median_query_reduction_pct,median_gap_to_full,maximum_gap_to_full,median_worst_family_r2,median_worst_variant_r2
GF180MCU,confirmation,locked_three_signal_rule,all_runs,6,5,0.8333333333333334,0.35876542100232517,0.9957892554855106,88.0,8.333333333333334,0.0,0.0226288374851538,0.7388636009536746,0.4696652807363417
GF180MCU,confirmation,locked_three_signal_rule,early_stop_only,3,2,0.6666666666666666,0.09429932405024609,0.9915962413403874,80.0,16.666666666666668,0.0184206155774142,0.0226288374851538,0.6408770566345703,0.41296917933334
GF180MCU,confirmation,locked_three_signal_rule,full_budget_fallback,3,3,1.0,0.2924017738212866,1.0,96.0,0.0,0.0,0.0,0.7393767851966571,0.5263613821393434
SKY130,external_replication,locked_three_signal_rule,all_runs,15,15,1.0,0.7819806390894659,1.0,80.0,16.666666666666668,0.0,0.0109602778866773,0.7003664303148774,0.1710017296816112
SKY130,external_replication,locked_three_signal_rule,early_stop_only,8,8,1.0,0.6305833524471807,1.0,80.0,16.666666666666668,0.0044208946803113,0.0109602778866773,0.6899239755862824,0.010530595984233448
SKY130,external_replication,locked_three_signal_rule,full_budget_fallback,7,7,1.0,0.5903836027749966,1.0,96.0,0.0,0.0,0.0,0.7586247858868458,0.4993744795348052
