seed,heldout_corner,support_budget,delay_r2,delay_mae_ns,worst_family_delay_r2,worst_variant_delay_r2,cumulative_spice_wall_time_s,prequential_delay_nmae,prediction_change_nmae,coverage_radius_ratio,delay_r2_gap_to_full
5,ff,0,-0.9714791197853709,2.260891613686406,-6.055287606013119,-11.798303609520303,0.0,,,1.0,1.9143761470604117
5,ff,16,0.5155280895230111,1.089671888182566,-0.9411126520387478,-2.9941627465302543,20.303759832924698,0.6913074062632704,0.2024313871218105,0.903971541834211,0.42736893775202967
5,ff,32,0.7464394859500598,0.7472157764330851,-0.2772944567151485,-1.2078326903035284,40.47201166697778,0.24192532547280318,0.0787163306422111,0.5867346322981697,0.19645754132498094
5,ff,48,0.883353469657217,0.4938098031331288,0.5972102794873638,0.19792819914629334,60.685921832046006,0.2145680849466845,0.06435358652598255,0.45347528624780303,0.05954355761782382
5,ff,64,0.8969789925182716,0.41986862600857194,0.7368452477200511,0.4446784496670336,81.37669683108106,0.10182284365807606,0.016678429712088362,0.44951064304625615,0.045918034756769144
5,ff,80,0.927471264960958,0.37199846163628464,0.683754066798677,0.42582500088427233,101.97064053802751,0.13772527108545068,0.011689159630162413,0.3878340583169536,0.01542576231408277
5,ff,96,0.9428970272750408,0.3293229920602657,0.8628363912872528,0.5017759274390212,123.24675061996095,0.10333361053327257,0.007709887426857922,0.0,0.0
