target,model,test_rows,r2,mae,rmse,mape_pct
delay_avg_ns,GradientBoosting,64,0.8707504904666867,0.048273806202344144,0.09497001867055922,17.91766088088067
power_avg_uW,GradientBoosting,64,0.9696289115194301,0.43721604107146705,0.5775903847612706,8.697004572671519
