seed,heldout_corner,support_budget,delay_r2,delay_mae_ns,worst_family_delay_r2,worst_variant_delay_r2,cumulative_spice_wall_time_s,prequential_delay_nmae,prediction_change_nmae,coverage_radius_ratio,delay_r2_gap_to_full
5,ss,0,0.21384798746473677,2.9045248568577793,-0.12110116374035007,-4.0702794510859714,0.0,,,1.0,0.7043817006932839
5,ss,16,0.5842564804983021,1.92470797968007,0.46777310764856983,-2.0326980110606474,20.668949083890766,0.7862448020259302,0.3736540991744616,0.9277826186201152,0.3339732076597185
5,ss,32,0.795693692366057,1.2772692337329878,0.33321339270479555,-0.0716456680296198,41.40487108385423,0.8103243047641874,0.34395295752394633,0.6364041528111261,0.12253599579196361
5,ss,48,0.8584998496144255,1.1103083941239429,0.2670560878390299,-0.13974463992354158,62.425259752897546,0.4130519115269565,0.08706343742275001,0.5360421208008649,0.05972983854359515
5,ss,64,0.8920366960794565,0.9824921103277688,0.5552146132378843,0.28305192250009115,83.35395350505132,0.3878361504840832,0.04812905309349349,0.4128895670478388,0.02619299207856418
5,ss,80,0.9070410228706167,0.9082333827286795,0.7076313415283109,0.4455258803607165,104.80881950695766,0.43104583429984505,0.04023861629102189,0.32896523159772906,0.01118866528740392
5,ss,96,0.9182296881580206,0.8773374239915633,0.7320525041001362,0.5073466620674008,125.83493975590682,0.30911223509790686,0.02674046265259185,0.0,0.0
