seed,heldout_corner,support_budget,delay_r2,delay_mae_ns,worst_family_delay_r2,worst_variant_delay_r2,cumulative_spice_wall_time_s,prequential_delay_nmae,prediction_change_nmae,coverage_radius_ratio,delay_r2_gap_to_full
5,typical,0,0.8225805260162672,0.24503951054115727,0.6853519560043182,0.18436616923704063,0.0,,,1.0,0.05915354422199581
5,typical,16,0.5722271263115872,0.4510246069811334,-1.5945742681305815,-1.836168050531314,27.992524958972353,0.3373055779999869,0.4785906515921955,0.7924062227238063,0.30950694392667577
5,typical,32,0.8827873276391427,0.19922856847958967,0.7896697734208799,0.4622799025543558,55.60031174775213,0.40112920182354,0.36771774763146775,0.6088128226210855,-0.0010532574008796924
5,typical,48,0.8338876781605298,0.24819262494796657,0.7022378410209684,-0.4306042243508499,83.72419970668852,0.19642492706103462,0.08794935974615833,0.4933472854102137,0.047846392077733224
5,typical,64,0.8587291271635851,0.21462258081495514,0.7635557004256113,0.3604272004643402,111.9847366247559,0.16322341959078265,0.040563235579018114,0.426948488232875,0.02300494307467793
5,typical,80,0.8626963042375702,0.20697192655179042,0.7525391284111399,0.48905630754368934,140.95428254274884,0.16489035379255904,0.024152728875384357,0.3525481608787823,0.019037766000692846
5,typical,96,0.881734070238263,0.19528624182607848,0.8092215544929603,0.6632981764031027,168.90676533366786,0.1822867226348532,0.014712293553526582,0.0,0.0
