seed,heldout_corner,support_budget,delay_r2,delay_mae_ns,worst_family_delay_r2,worst_variant_delay_r2,cumulative_spice_wall_time_s,prequential_delay_nmae,prediction_change_nmae,coverage_radius_ratio,delay_r2_gap_to_full
5,ss,0,0.3867971462335352,0.6470907969722174,-0.033481623061712096,-1.1369238969462283,0.0,,,1.0,0.4916624135430697
5,ss,16,0.6074895603126345,0.4631487679911914,-1.335344454733598,-3.7606455866735047,29.155967791972216,1.2194430542012475,0.9674695888447694,1.0279009795903546,0.2709699994639705
5,ss,32,0.8477446842906052,0.2704704373358699,0.0241820006436666,-0.825851403413804,57.445399789954536,0.38801417920820086,0.2718851099898535,0.5605996638370917,0.030714875485999715
5,ss,48,0.8567710033672815,0.2677680119398123,0.3034136271017436,-0.3921359892162841,85.5383906668867,0.40872065851133893,0.11000672136934155,0.5076462202720738,0.021688556409323434
5,ss,64,0.8540828120567745,0.27015219987760414,0.3132897166128147,-0.35852973527753207,114.30479691602523,0.18641702535208138,0.04380027877408655,0.4074219455751296,0.02437674771983045
5,ss,80,0.8679115676155799,0.2593484869398533,0.6487637770639763,0.35565862952646765,143.5433787900256,0.36440252937974854,0.04241103364915797,0.37667137622627117,0.010547992161025088
5,ss,96,0.878459559776605,0.2535899956034248,0.6474568351323837,0.32488978458305107,176.69631633296376,0.2277594524935023,0.023930092363084347,0.0,0.0
