method,runs,median_stop_budget,median_query_reduction_pct,gap_le_0p02_rate,gap_le_0p05_rate,median_delay_r2_gap_to_full,maximum_delay_r2_gap_to_full,median_delay_r2,median_worst_family_delay_r2,median_worst_variant_delay_r2
gf180_locked_rule,15,80.0,16.666666666666668,1.0,1.0,0.0,0.010960277886677305,0.9031895454559776,0.7003664303148774,0.1710017296816112
fixed_48,15,48.0,50.0,0.13333333333333333,0.6666666666666666,0.03653078788082986,0.14913030944543193,0.8531077949820466,0.6047164838896735,-0.1728889815871979
fixed_64,15,64.0,33.333333333333336,0.3333333333333333,0.8666666666666667,0.021623340069434782,0.09431461807817332,0.872910571459097,0.65212395080839,-0.07915609711434701
