{
  "selection_status": "development_constraints_satisfied",
  "development_seeds": [
    0,
    1,
    2
  ],
  "confirmation_seeds": [
    3,
    4
  ],
  "success_definition": "delay R2 gap to the measured 96-query reference <= 0.02",
  "rule_requires_two_consecutive_eligible_batches": true,
  "locked_rule": {
    "minimum_budget": 64,
    "prequential_nmae_threshold": 0.25,
    "prediction_change_threshold": 0.05,
    "coverage_ratio_threshold": 0.5
  },
  "development_summary": {
    "runs": 9,
    "median_stop_budget": 80.0,
    "median_query_reduction_pct": 16.666666666666668,
    "gap_le_0p02_rate": 1.0,
    "gap_le_0p05_rate": 1.0,
    "median_delay_r2_gap_to_full": 0.0,
    "maximum_delay_r2_gap_to_full": 0.0153238204302115,
    "median_delay_r2": 0.9027826083430998,
    "median_worst_family_delay_r2": 0.5289422288940775,
    "median_worst_variant_delay_r2": 0.1537349250021672
  },
  "confirmation_comparison": {
    "locked_rule": {
      "runs": 6,
      "median_stop_budget": 88.0,
      "median_query_reduction_pct": 8.333333333333334,
      "gap_le_0p02_rate": 0.8333333333333334,
      "gap_le_0p05_rate": 1.0,
      "median_delay_r2_gap_to_full": 0.0,
      "maximum_delay_r2_gap_to_full": 0.0207474976487981,
      "median_delay_r2": 0.9036443502428639,
      "median_worst_family_delay_r2": 0.7348424921574026,
      "median_worst_variant_delay_r2": 0.49689351791444936
    },
    "fixed_48": {
      "runs": 6,
      "median_stop_budget": 48.0,
      "median_query_reduction_pct": 50.0,
      "gap_le_0p02_rate": 0.16666666666666666,
      "gap_le_0p05_rate": 0.5,
      "median_delay_r2_gap_to_full": 0.0426920774232348,
      "maximum_delay_r2_gap_to_full": 0.1218599988487154,
      "median_delay_r2": 0.8651954193838738,
      "median_worst_family_delay_r2": 0.3941219765242566,
      "median_worst_variant_delay_r2": 0.06097025179364661
    },
    "fixed_64": {
      "runs": 6,
      "median_stop_budget": 64.0,
      "median_query_reduction_pct": 33.333333333333336,
      "gap_le_0p02_rate": 0.16666666666666666,
      "gap_le_0p05_rate": 0.8333333333333334,
      "median_delay_r2_gap_to_full": 0.03158707226281545,
      "maximum_delay_r2_gap_to_full": 0.0536597963720496,
      "median_delay_r2": 0.8661789470073826,
      "median_worst_family_delay_r2": 0.44806119997397376,
      "median_worst_variant_delay_r2": 0.051114555173717956
    }
  }
}