method,runs,median_stop_budget,median_query_reduction_pct,gap_le_0p02_rate,gap_le_0p05_rate,median_delay_r2_gap_to_full,maximum_delay_r2_gap_to_full,median_delay_r2,median_worst_family_delay_r2,median_worst_variant_delay_r2
locked_rule,6,88.0,8.333333333333334,0.8333333333333334,1.0,0.0,0.0226288374851538,0.9037736646884102,0.7388636009536746,0.4696652807363417
fixed_48,6,48.0,50.0,0.16666666666666666,0.5,0.0391957339718452,0.1423856782494561,0.8692493157462111,0.3717143759822096,0.0851832539747885
fixed_64,6,64.0,33.333333333333336,0.16666666666666666,0.8333333333333334,0.02724428794989895,0.0579969015741904,0.8657560883883482,0.4746938583921509,0.03008974321372715
