{
  "selection_status": "development_constraints_satisfied",
  "development_seeds": [
    0,
    1,
    2
  ],
  "confirmation_seeds": [
    3,
    4
  ],
  "success_definition": "delay R2 gap to the measured 96-query reference <= 0.02",
  "rule_requires_two_consecutive_eligible_batches": true,
  "locked_rule": {
    "minimum_budget": 64,
    "prequential_nmae_threshold": 0.25,
    "prediction_change_threshold": 0.05,
    "coverage_ratio_threshold": 0.5
  },
  "development_summary": {
    "runs": 9,
    "median_stop_budget": 80.0,
    "median_query_reduction_pct": 16.666666666666668,
    "gap_le_0p02_rate": 0.8888888888888888,
    "gap_le_0p05_rate": 1.0,
    "median_delay_r2_gap_to_full": 0.0056345280798006,
    "maximum_delay_r2_gap_to_full": 0.022736335160523,
    "median_delay_r2": 0.8979942376435004,
    "median_worst_family_delay_r2": 0.5192606406785358,
    "median_worst_variant_delay_r2": 0.1640685374811422
  },
  "confirmation_comparison": {
    "locked_rule": {
      "runs": 6,
      "median_stop_budget": 88.0,
      "median_query_reduction_pct": 8.333333333333334,
      "gap_le_0p02_rate": 0.8333333333333334,
      "gap_le_0p05_rate": 1.0,
      "median_delay_r2_gap_to_full": 0.0,
      "maximum_delay_r2_gap_to_full": 0.0226288374851538,
      "median_delay_r2": 0.9037736646884102,
      "median_worst_family_delay_r2": 0.7388636009536746,
      "median_worst_variant_delay_r2": 0.4696652807363417
    },
    "fixed_48": {
      "runs": 6,
      "median_stop_budget": 48.0,
      "median_query_reduction_pct": 50.0,
      "gap_le_0p02_rate": 0.16666666666666666,
      "gap_le_0p05_rate": 0.5,
      "median_delay_r2_gap_to_full": 0.0391957339718452,
      "maximum_delay_r2_gap_to_full": 0.1423856782494561,
      "median_delay_r2": 0.8692493157462111,
      "median_worst_family_delay_r2": 0.3717143759822096,
      "median_worst_variant_delay_r2": 0.0851832539747885
    },
    "fixed_64": {
      "runs": 6,
      "median_stop_budget": 64.0,
      "median_query_reduction_pct": 33.333333333333336,
      "gap_le_0p02_rate": 0.16666666666666666,
      "gap_le_0p05_rate": 0.8333333333333334,
      "median_delay_r2_gap_to_full": 0.02724428794989895,
      "maximum_delay_r2_gap_to_full": 0.0579969015741904,
      "median_delay_r2": 0.8657560883883482,
      "median_worst_family_delay_r2": 0.4746938583921509,
      "median_worst_variant_delay_r2": 0.03008974321372715
    }
  }
}