method,runs,median_stop_budget,median_query_reduction_pct,gap_le_0p02_rate,gap_le_0p05_rate,median_delay_r2_gap_to_full,maximum_delay_r2_gap_to_full,median_delay_r2,median_worst_family_delay_r2,median_worst_variant_delay_r2
locked_rule,6,88.0,8.333333333333334,0.8333333333333334,1.0,0.0,0.0207474976487981,0.9036443502428639,0.7348424921574026,0.49689351791444936
fixed_48,6,48.0,50.0,0.16666666666666666,0.5,0.0426920774232348,0.1218599988487154,0.8651954193838738,0.3941219765242566,0.06097025179364661
fixed_64,6,64.0,33.333333333333336,0.16666666666666666,0.8333333333333334,0.03158707226281545,0.0536597963720496,0.8661789470073826,0.44806119997397376,0.051114555173717956
