experiment,target,model,train_rows,test_rows,r2,mae,rmse,mape_pct
v2_train_v3_external_validation,delay_avg_ns,GradientBoosting,320,480,0.890679472889403,0.041914863650489305,0.08091767257413883,12.288230757267678
v2_train_v3_external_validation,delay_avg_ns,SVR_RBF,320,480,0.8758397308604476,0.048145411353829166,0.0862350554280803,18.5131856747809
v2_train_v3_external_validation,delay_avg_ns,MLP,320,480,0.8271670707080168,0.06814777749776055,0.10174328825641865,27.68905696122771
v2_train_v3_external_validation,power_avg_uW,GradientBoosting,320,480,0.9749360081988991,0.3590533406963916,0.49442887901981414,6.45433618392055
v2_train_v3_external_validation,power_avg_uW,SVR_RBF,320,480,0.9823620865667764,0.2828911602912934,0.41476520215190354,7.356579589148882
v2_train_v3_external_validation,power_avg_uW,MLP,320,480,0.9877610205531231,0.26602107670831027,0.3455025939420331,6.114234264328476
