experiment,target,model,train_rows,test_rows,r2,mae,rmse,mape_pct
v2_train_v3_external_validation,delay_avg_ns,GradientBoosting,320,480,0.8894498118159998,0.041980016325789696,0.08123017394392575,12.646322519575612
v2_train_v3_external_validation,delay_avg_ns,SVR_RBF,320,480,0.8778837911984609,0.04819303186825978,0.08537373791323004,18.56811009971807
v2_train_v3_external_validation,delay_avg_ns,MLP,320,480,0.8302894237978798,0.06757932991520164,0.10064497448876537,27.456098372237037
v2_train_v3_external_validation,power_avg_uW,GradientBoosting,320,480,0.9743886972250748,0.3598974713740669,0.49979289570374813,6.368285644197296
v2_train_v3_external_validation,power_avg_uW,SVR_RBF,320,480,0.9823258673168966,0.2826922782374071,0.41518657181117186,7.3538652584363415
v2_train_v3_external_validation,power_avg_uW,MLP,320,480,0.9877654337071212,0.26645837395402033,0.3454367449369267,6.117006490032086
