support_budget,runs,median_delay_r2,median_gap_to_full,median_worst_family_r2,median_worst_variant_r2,median_spice_time_s
0,15,0.21705614413359187,0.6862741721738774,-0.10088942350773555,-4.074934969562387,0.0
16,15,0.6050184384921695,0.305912109993857,0.08982853413883751,-1.5818457853712324,29.78196658100933
32,15,0.825793786800014,0.09860827528529403,0.16965086108702765,-0.4925881312049605,61.09226412529824
48,15,0.8684288034309093,0.04511309409351194,0.38183048232967376,-0.01863669553139302,92.58056120714173
64,15,0.8803372120023336,0.03320468552208766,0.4389270217243946,-0.01988155149545645,125.06464899604907
80,15,0.9027826083430998,0.010589601797683978,0.6489223177004171,0.3191815545339608,157.24729816627223
96,15,0.9070241896482194,0.0,0.6932359054573265,0.44830227815610435,185.60266475041863
