support_budget,runs,median_delay_r2,median_gap_to_full,median_worst_family_r2,median_worst_variant_r2,median_spice_time_s
0,15,0.21705614413359187,0.6836716991069084,-0.10088942350773578,-4.074934969562387,0.0
16,15,0.6059877672605337,0.30748277923369327,0.1542451577192112,-1.414154522072855,29.78196658100933
32,15,0.8217334801186453,0.09751615610077535,0.14839762541964996,-0.49966236789601814,61.09226412529824
48,15,0.8632779430847835,0.05245008036738896,0.37221280377861565,-0.09087235840540253,92.58056120714173
64,15,0.8714142230466111,0.03005630812445559,0.42093079704174563,-0.017196430592483214,125.06464899604907
80,15,0.8966521650618027,0.01335771486455306,0.6408770566345703,0.26429573734939693,157.24729816627223
96,15,0.9097002195011625,0.0,0.7196103115683059,0.4648826566776263,185.60266475041863
