{
  "rows_used": 320,
  "targets": [
    "delay_avg_ns",
    "power_avg_uW"
  ],
  "strategies": [
    "random",
    "uncertainty",
    "hybrid_random_then_uncertainty"
  ],
  "budget_comparison": [
    {
      "target": "delay_avg_ns",
      "labeled_rows": 20,
      "median_mae_hybrid_random_then_uncertainty": 0.10601505165632237,
      "median_mae_random": 0.10601505165632236,
      "median_mae_uncertainty": 0.10601505165632236,
      "median_r2_hybrid_random_then_uncertainty": 0.36183065442985396,
      "median_r2_random": 0.3618306544298542,
      "median_r2_uncertainty": 0.3618306544298542,
      "median_r2_gain_uncertainty": 0.0,
      "median_mae_reduction_uncertainty": 0.0,
      "median_r2_gain_hybrid_random_then_uncertainty": -2.220446049250313e-16,
      "median_mae_reduction_hybrid_random_then_uncertainty": -1.3877787807814457e-17
    },
    {
      "target": "delay_avg_ns",
      "labeled_rows": 40,
      "median_mae_hybrid_random_then_uncertainty": 0.099883191492863,
      "median_mae_random": 0.09988319149286301,
      "median_mae_uncertainty": 0.09162484133279594,
      "median_r2_hybrid_random_then_uncertainty": 0.5292155878711878,
      "median_r2_random": 0.5292155878711878,
      "median_r2_uncertainty": 0.489045194932172,
      "median_r2_gain_uncertainty": -0.04017039293901581,
      "median_mae_reduction_uncertainty": 0.008258350160067068,
      "median_r2_gain_hybrid_random_then_uncertainty": 0.0,
      "median_mae_reduction_hybrid_random_then_uncertainty": 1.3877787807814457e-17
    },
    {
      "target": "delay_avg_ns",
      "labeled_rows": 60,
      "median_mae_hybrid_random_then_uncertainty": 0.08203666303433729,
      "median_mae_random": 0.08203666303433732,
      "median_mae_uncertainty": 0.09096551218253711,
      "median_r2_hybrid_random_then_uncertainty": 0.6136827128666037,
      "median_r2_random": 0.6136827128666037,
      "median_r2_uncertainty": 0.5708732324563457,
      "median_r2_gain_uncertainty": -0.042809480410258005,
      "median_mae_reduction_uncertainty": -0.008928849148199788,
      "median_r2_gain_hybrid_random_then_uncertainty": 0.0,
      "median_mae_reduction_hybrid_random_then_uncertainty": 2.7755575615628914e-17
    },
    {
      "target": "delay_avg_ns",
      "labeled_rows": 80,
      "median_mae_hybrid_random_then_uncertainty": 0.07939185432692109,
      "median_mae_random": 0.07939185432692109,
      "median_mae_uncertainty": 0.07443614087351708,
      "median_r2_hybrid_random_then_uncertainty": 0.6586133494685547,
      "median_r2_random": 0.6586133494685548,
      "median_r2_uncertainty": 0.6705834015448754,
      "median_r2_gain_uncertainty": 0.011970052076320625,
      "median_mae_reduction_uncertainty": 0.004955713453404009,
      "median_r2_gain_hybrid_random_then_uncertainty": -1.1102230246251565e-16,
      "median_mae_reduction_hybrid_random_then_uncertainty": 0.0
    },
    {
      "target": "delay_avg_ns",
      "labeled_rows": 100,
      "median_mae_hybrid_random_then_uncertainty": 0.07508524589182373,
      "median_mae_random": 0.07272636576657854,
      "median_mae_uncertainty": 0.06910872053697503,
      "median_r2_hybrid_random_then_uncertainty": 0.719124947277341,
      "median_r2_random": 0.6866981036308895,
      "median_r2_uncertainty": 0.7236523642199613,
      "median_r2_gain_uncertainty": 0.03695426058907181,
      "median_mae_reduction_uncertainty": 0.0036176452296035055,
      "median_r2_gain_hybrid_random_then_uncertainty": 0.03242684364645154,
      "median_mae_reduction_hybrid_random_then_uncertainty": -0.002358880125245197
    },
    {
      "target": "delay_avg_ns",
      "labeled_rows": 120,
      "median_mae_hybrid_random_then_uncertainty": 0.0678728131802791,
      "median_mae_random": 0.07355616378892818,
      "median_mae_uncertainty": 0.07385339740473584,
      "median_r2_hybrid_random_then_uncertainty": 0.7354729724778764,
      "median_r2_random": 0.6993947745138442,
      "median_r2_uncertainty": 0.7593309093872774,
      "median_r2_gain_uncertainty": 0.05993613487343319,
      "median_mae_reduction_uncertainty": -0.0002972336158076627,
      "median_r2_gain_hybrid_random_then_uncertainty": 0.03607819796403211,
      "median_mae_reduction_hybrid_random_then_uncertainty": 0.005683350608649079
    },
    {
      "target": "delay_avg_ns",
      "labeled_rows": 140,
      "median_mae_hybrid_random_then_uncertainty": 0.06547463177197782,
      "median_mae_random": 0.06782296537583701,
      "median_mae_uncertainty": 0.06937361636883578,
      "median_r2_hybrid_random_then_uncertainty": 0.7574489219283561,
      "median_r2_random": 0.7010972762065901,
      "median_r2_uncertainty": 0.7808601790388778,
      "median_r2_gain_uncertainty": 0.07976290283228771,
      "median_mae_reduction_uncertainty": -0.0015506509929987672,
      "median_r2_gain_hybrid_random_then_uncertainty": 0.056351645721765986,
      "median_mae_reduction_hybrid_random_then_uncertainty": 0.002348333603859193
    },
    {
      "target": "delay_avg_ns",
      "labeled_rows": 160,
      "median_mae_hybrid_random_then_uncertainty": 0.06363578482212093,
      "median_mae_random": 0.06239260281110748,
      "median_mae_uncertainty": 0.06979044832899753,
      "median_r2_hybrid_random_then_uncertainty": 0.7764093074370343,
      "median_r2_random": 0.7257009400774028,
      "median_r2_uncertainty": 0.7601909756671495,
      "median_r2_gain_uncertainty": 0.034490035589746726,
      "median_mae_reduction_uncertainty": -0.00739784551789005,
      "median_r2_gain_hybrid_random_then_uncertainty": 0.05070836735963147,
      "median_mae_reduction_hybrid_random_then_uncertainty": -0.0012431820110134495
    },
    {
      "target": "delay_avg_ns",
      "labeled_rows": 180,
      "median_mae_hybrid_random_then_uncertainty": 0.06059463211268094,
      "median_mae_random": 0.06190269431991888,
      "median_mae_uncertainty": 0.06348422413586102,
      "median_r2_hybrid_random_then_uncertainty": 0.7730585355570005,
      "median_r2_random": 0.7330692716126639,
      "median_r2_uncertainty": 0.7748308430307189,
      "median_r2_gain_uncertainty": 0.04176157141805503,
      "median_mae_reduction_uncertainty": -0.0015815298159421454,
      "median_r2_gain_hybrid_random_then_uncertainty": 0.03998926394433666,
      "median_mae_reduction_hybrid_random_then_uncertainty": 0.0013080622072379339
    },
    {
      "target": "delay_avg_ns",
      "labeled_rows": 200,
      "median_mae_hybrid_random_then_uncertainty": 0.06062780499935413,
      "median_mae_random": 0.06310872908159115,
      "median_mae_uncertainty": 0.06447233561507562,
      "median_r2_hybrid_random_then_uncertainty": 0.7825793243998045,
      "median_r2_random": 0.7593929289624268,
      "median_r2_uncertainty": 0.7705210760719634,
      "median_r2_gain_uncertainty": 0.01112814710953658,
      "median_mae_reduction_uncertainty": -0.0013636065334844683,
      "median_r2_gain_hybrid_random_then_uncertainty": 0.02318639543737766,
      "median_mae_reduction_hybrid_random_then_uncertainty": 0.002480924082237025
    },
    {
      "target": "power_avg_uW",
      "labeled_rows": 20,
      "median_mae_hybrid_random_then_uncertainty": 1.4202162701239047,
      "median_mae_random": 1.4202162701239047,
      "median_mae_uncertainty": 1.4202162701239045,
      "median_r2_hybrid_random_then_uncertainty": 0.6933935136837677,
      "median_r2_random": 0.6933935136837677,
      "median_r2_uncertainty": 0.6933935136837677,
      "median_r2_gain_uncertainty": 0.0,
      "median_mae_reduction_uncertainty": 2.220446049250313e-16,
      "median_r2_gain_hybrid_random_then_uncertainty": 0.0,
      "median_mae_reduction_hybrid_random_then_uncertainty": 0.0
    },
    {
      "target": "power_avg_uW",
      "labeled_rows": 40,
      "median_mae_hybrid_random_then_uncertainty": 1.1558641997109578,
      "median_mae_random": 1.1558641997109578,
      "median_mae_uncertainty": 1.2515060445584472,
      "median_r2_hybrid_random_then_uncertainty": 0.8189180029169655,