seed,heldout_corner,support_budget,delay_r2,delay_mae_ns,worst_family_delay_r2,worst_variant_delay_r2,cumulative_spice_wall_time_s,prequential_delay_nmae,prediction_change_nmae,coverage_radius_ratio,delay_r2_gap_to_full
5,typical,0,0.5225111708428574,1.2711479066694562,0.16430332790151136,-2.0956997130481554,0.0,,,1.0,0.38059070957693353
5,typical,16,0.7385686639620264,0.9351732488531047,-0.06037419850074177,-1.6216173689764917,20.385318460932467,0.3434388167251676,0.053065705355495645,0.8954789567145248,0.16453321645776453
5,typical,32,0.8288919725297849,0.718691383523871,0.2730569135103986,-0.381019526302137,40.20144250191515,0.23543987749322884,0.09868886857368663,0.61626578261457,0.07420990789000603
5,typical,48,0.8815580608743084,0.597513583066175,0.43083610627225233,-0.012487459664556777,60.09342621092219,0.3181616902604793,0.08174623766627286,0.5279208793131444,0.021543819545482457
5,typical,64,0.9014211784000181,0.5226202655866966,0.3705616560286211,-0.12457001475736362,80.03976550383959,0.1816608042225532,0.023662259615494806,0.4437402654572197,0.001680702019772773
5,typical,80,0.8962036724505568,0.526106419219618,0.16810755954323198,-0.5115768835423435,99.97737891977886,0.17652714567225164,0.020408264421233745,0.35985212297414304,0.006898207969234127
5,typical,96,0.9031018804197909,0.5144429554230417,0.44260803431994367,-0.1501788058704734,119.82503808580805,0.23263380557475005,0.019019955539196436,0.0,0.0
