seed,heldout_corner,support_budget,delay_r2,delay_mae_ns,worst_family_delay_r2,worst_variant_delay_r2,cumulative_spice_wall_time_s,prequential_delay_nmae,prediction_change_nmae,coverage_radius_ratio,delay_r2_gap_to_full
5,ff,0,-0.41196241425858515,0.6495529431092394,-5.7824463329452644,-57.49235920988179,0.0,,,1.0,1.346211567630838
5,ff,16,0.42246399187640316,0.39646624833863003,-1.8198245721195172,-25.014253628314304,27.922392043168657,0.44433641376676647,0.1799002302675831,0.741725965867771,0.5117851614958496
5,ff,32,0.6735560227898738,0.2815778116007486,-0.6320595042845916,-14.900191616715556,55.35201538016554,0.33489984436396564,0.06503780945353116,0.6885453510692776,0.260693130582379
5,ff,48,0.808852467931011,0.20248385352398002,-0.017450359777878344,-5.4443073603923375,84.73646117025055,0.27263172754153037,0.05428527025605283,0.6013936522179272,0.12539668544124183
5,ff,64,0.9025409088888847,0.14961043079946562,0.37759080765179676,-4.755449117163478,112.95021354523487,0.22460770545419292,0.032181713398174536,0.4510106387552692,0.031708244483368064
5,ff,80,0.9225514192076618,0.135423581385239,0.6025274593922538,-4.044379269376917,144.65775871119695,0.1340737765981032,0.01268665409512279,0.41714752392445764,0.011697734164590967
5,ff,96,0.9342491533722528,0.12308282783349074,0.7008781089140185,-1.3822249182644533,175.66455262713134,0.1247638529418196,0.010031878997702496,0.0,0.0
